PPI,score,label
1BGX-model-2_AB_Z,-171.1233,1
1BGX-model-39_AB_Z,-92.9524,0
1NMA-model-31_AB_Z,-43.7263,0
1NMA-model-53_AB_Z,-86.2066,1
1NMC-model-26_AB_Z,-56.2894,0
1nmc_BC_A,-73.3331,1
2CMR-model-15_AB_Z,-74.1726,0
2CMR-model-1_AB_Z,-160.3393,1
3GBM-model-1_AB_ZY,-127.4642,1
3GBM-model-70_AB_ZY,-54.2248,0
3GBN-model-36_AB_ZY,32.3083,0
3GI8-model-17_AB_Z,-113.2606,1
3GI8-model-29_AB_Z,-90.3081,0
3GI9-model-45_AB_Z,-93.3677,0
3GI9-model-9_AB_Z,-117.3644,1
3I50-model-36_AB_Z,-83.6899,0
3J8V-model-30_AB_Z,-64.3852,0
3J8W-model-24_AB_Z,-81.6975,0
3J8Z-model-6_AB_Z,-71.1475,0
3JBA-model-98_AB_Z,-63.0247,0
3N85-model-1_AB_Z,-166.1813,1
3N85-model-85_AB_Z,-72.7855,0
3O0R-model-69_AB_ZY,-86.8403,0
3RU8-model-1_AB_Z,-157.734,1
3RU8-model-53_AB_Z,-59.1375,0
3V0A-model-41_A_Z,-78.8431,0
3VI3-model-7_AB_Z,-102.2983,1
3VI3-model-81_AB_Z,-38.672,0
3VI4-model-27_AB_Z,-47.8156,0
3VI4-model-66_AB_Z,-92.9603,1
3WFB-model-81_AB_ZY,-73.8982,0
3WFC-model-56_AB_ZY,-96.2145,1
3WFC-model-89_AB_ZY,-84.5,0
3WFE-model-22_AB_ZY,-95.606,0
3ZKN-model-3_AB_Z,-146.3887,1
3ZKN-model-95_AB_Z,-90.9662,0
3ZTJ-model-36_AB_ZY,-111.5354,1
3ZTJ-model-9_AB_ZY,-73.8096,0
3gbn_HL_BA,-117.1931,1
3i50_HL_E,-74.1988,1
3j8v_FJ_D,-28.7316,1
3j8w_FJ_D,-17.4592,1
3j8z_FJ_D,-57.6892,1
3jba_HL_A,-9.5508,1
3o0r_HL_BC,-99.3284,1
3v0a_C_A,-98.7493,1
3wfb_HL_BC,-83.3009,1
3wfe_HL_BC,-94.9099,1
4DAG-model-93_AB_Z,-52.0141,0
4FFW-model-23_AB_Z,-97.6614,1
4FFW-model-29_AB_Z,-84.7646,0
4FQI-model-13_AB_ZY,-112.0792,1
4FQI-model-51_AB_ZY,-44.4004,0
4FQV-model-67_AB_ZY,-96.1025,0
4FQY-model-25_AB_ZY,-78.7453,0
4GRW-model-20_A_Z,-93.7953,1
4GRW-model-30_A_Z,-72.5738,0
4HEM-model-47_A_Z,-43.3688,0
4HLZ-model-77_AB_ZY,-65.5593,0
4HLZ-model-7_AB_ZY,-127.8893,1
4IOS-model-54_A_Z,-46.4642,0
4IOS-model-58_A_Z,-69.558,1
4KFZ-model-1_A_Z,-204.8731,1
4KFZ-model-72_A_Z,-49.5327,0
4KRL-model-5_A_Z,-121.5345,1
4KRL-model-99_A_Z,-37.2231,0
4KRM-model-57_A_Z,-64.8226,1
4KRM-model-62_A_Z,-51.0597,0
4KRO-model-22_A_Z,-86.0381,0
4KRO-model-3_A_Z,-116.474,1
4KRP-model-10_A_Z,-42.6039,0
4KRP-model-74_A_Z,-81.797,1
4M1G-model-10_AB_ZY,-89.9143,0
4M1G-model-1_AB_ZY,-122.3396,1
4M3K-model-67_A_Z,-26.6521,0
4M3K-model-7_A_Z,-69.1144,1
4NM8-model-28_AB_ZY,-58.6443,0
4PY8-model-1_AB_ZY,-117.3275,1
4PY8-model-81_AB_ZY,-46.0609,0
4QEX-model-59_AB_Z,-66.4124,0
4QNP-model-1_AB_ZY,-118.6003,1
4QNP-model-92_AB_ZY,-66.5129,0
4R8W-model-7_AB_ZY,-91.1842,1
4R8W-model-86_AB_ZY,-59.9107,0
4UV7-model-38_AB_Z,-53.8411,0
4UV7-model-9_AB_Z,-121.6516,1
4W6Y-model-33_A_Z,-77.9151,1
4W6Y-model-80_A_Z,-38.7515,0
4WEN-model-24_A_Z,-39.4098,0
4WEN-model-2_A_Z,-94.5552,1
4WEU-model-6_A_Z,-47.2058,0
4XMM-model-34_AB_ZY,-84.0463,0
4dag_HL_A,-61.6655,1
4fqv_HL_BA,-76.5773,1
4fqy_HL_BA,-54.2708,1
4hem_F_C,-83.6002,1
4nm8_HL_BA,-56.2335,1
4qex_HL_A,-103.4514,1
4weu_D_B,-68.249,1
4xmm_HL_DC,-33.7363,1
5CUS-model-17_AB_Z,-115.7815,1
5CUS-model-59_AB_Z,-77.7118,0
5E7F-model-37_A_Z,-50.9563,0
5E7F-model-72_A_Z,-90.2267,1
5FOJ-model-70_A_Z,-89.6249,0
5FOJ-model-80_A_Z,-61.5113,1
5GJS-model-31_AB_ZY,-112.6331,1
5GJS-model-85_AB_ZY,-58.8228,0
5GJT-model-40_AB_ZY,-75.7718,0
5GJT-model-5_AB_ZY,-107.9301,1
5JW3-model-39_AB_ZY,-61.994,0
5JW3-model-99_AB_ZY,-100.8686,1
5LWF-model-71_A_Z,-77.6834,1
5LWF-model-99_A_Z,-21.8724,0
5MZV-model-31_A_Z,-101.7489,1
5MZV-model-80_A_Z,-33.2947,0
5OJM-model-62_A_Z,-71.5447,0
5W9H-model-2_AB_Z,-127.5984,1
5W9H-model-80_AB_Z,-55.7629,0
5W9I-model-1_AB_Z,-125.6117,1
5W9I-model-69_AB_Z,-66.9838,0
5W9J-model-18_AB_Z,-75.6239,0
5W9K-model-4_AB_Z,-122.3089,1
5W9K-model-66_AB_Z,-46.6583,0
5W9L-model-2_AB_Z,-122.0983,1
5W9L-model-90_AB_Z,-61.6604,0
5W9M-model-2_AB_Z,-123.7006,1
5W9M-model-41_AB_Z,-48.9254,0
5W9P-model-1_AB_Z,-128.2059,1
5W9P-model-72_AB_Z,-56.6206,0
5WKO-model-54_AB_ZY,-57.6636,0
5WKO-model-6_AB_ZY,-115.3327,1
5XWD-model-19_AB_Z,-75.0704,0
5XWD-model-3_AB_Z,-107.8812,1
5Y2L-model-5_AB_ZY,-114.6102,1
5Y2L-model-90_AB_ZY,-61.9054,0
5Y2M-model-79_AB_ZY,-93.0117,1
5Y2M-model-9_AB_ZY,-54.1655,0
5Y7Z-model-1_A_Z,-118.4955,1
5Y7Z-model-34_A_Z,-51.1865,0
5Y80-model-1_A_Z,-107.6052,1
5Y80-model-66_A_Z,-42.2002,0
5ojm_K_A,-74.1276,1
5w9j_BC_A,-115.7573,1
6A96-model-13_A_Z,-98.5572,0
6APB-model-33_AB_ZY,-58.4179,0
6B3M-model-60_AB_ZY,-76.8207,0
6D6U-model-53_AB_Z,-87.3851,0
6D6U-model-6_AB_Z,-67.201,1
6DBF-model-10_A_Z,-100.4742,1
6DBF-model-56_A_Z,-24.024,0
6DBG-model-48_A_Z,-43.0382,0
6DBG-model-7_A_Z,-101.1588,1
6EY0-model-14_A_Z,-107.2498,1
6EY0-model-51_A_Z,-42.5168,0
6FE4-model-1_A_Z,-84.6964,1
6FE4-model-49_A_Z,-26.7279,0
6FYT-model-32_A_ZY,-55.9678,0
6FYT-model-3_A_ZY,-78.0857,1
6FYU-model-1_A_ZY,-110.6367,1
6FYU-model-82_A_ZY,-51.9878,0
6GG0-model-90_AB_ZY,-50.2197,0
6GWN-model-1_A_Z,-117.0805,1
6GWN-model-82_A_Z,-48.0032,0
6GWP-model-39_A_Z,-69.1161,0
6GWP-model-4_A_Z,-95.4316,1
6H15-model-2_A_Z,-133.4479,1
6H15-model-56_A_Z,-65.3407,0
6H16-model-39_A_Z,-101.2223,1
6H16-model-80_A_Z,-89.7439,0
6HJP-model-79_AB_ZY,-50.3842,0
6HJQ-model-53_AB_ZY,-59.7906,0
6HJX-model-20_A_Z,-101.1565,0
6HJX-model-30_A_Z,-102.7104,1
6HJY-model-11_A_Z,-87.9868,1
6HJY-model-60_A_Z,-58.1796,0
6NB3-model-78_AB_Z,-31.5506,0
6NB4-model-29_AB_Z,-71.2536,0
6NB7-model-43_AB_Z,-31.8784,0
6NI2-model-57_AB_Z,-85.879,1
6NI2-model-82_AB_Z,-69.4249,0
6NZ7-model-50_AB_ZY,-67.1831,0
6OQ6-model-36_A_Z,-40.3489,0
6OQ6-model-96_A_Z,-71.8971,1
6OQ7-model-11_A_Z,-86.4588,1
6OQ7-model-34_A_Z,-35.3689,0
6OQ8-model-53_A_Z,-49.9141,0
6OQ8-model-61_A_Z,-87.9377,1
6PWC-model-45_AB_ZY,-87.0248,0
6PZ8-model-35_AB_Z,-88.9244,0
6PZF-model-30_AB_Z,-53.8582,0
6SC5-model-22_A_Z,-84.2109,0
6SC5-model-25_A_Z,-69.7118,1
6SC6-model-2_A_Z,-88.1671,1
6SC6-model-30_A_Z,-87.316,0
6SC8-model-30_A_Z,-91.8408,1
6SC8-model-36_A_Z,-48.8953,0
6SC9-model-63_A_Z,-77.9014,0
6SC9-model-78_A_Z,-86.9256,1
6SGE-model-21_A_Z,-25.9033,0
6SGE-model-26_A_Z,-70.9024,1
6SSI-model-92_A_Z,-59.9358,0
6U02-model-30_AB_Z,-39.7256,0
6U12-model-12_A_Z,-107.0716,1
6U12-model-40_A_Z,-40.5054,0
6U1N-model-7_AB_ZY,-92.3824,0
6U1N-model-81_AB_ZY,-121.3084,1
6UI1-model-1_A_Z,-161.6971,1
6UI1-model-64_A_Z,-53.5402,0
6UL6-model-1_A_Z,-296.1037,1
6UL6-model-21_A_Z,-72.7491,0
6WEX-model-10_AB_ZY,-92.0113,1
6WEX-model-21_AB_ZY,-76.2464,0
6WEZ-model-55_AB_ZY,-83.3081,0
6WF0-model-12_AB_ZY,-70.397,0
6WIZ-model-50_AB_ZY,-68.5359,0
6WIZ-model-9_AB_ZY,-111.5004,1
6WJ1-model-40_AB_ZY,-99.1539,1
6WJ1-model-67_AB_ZY,-65.93,0
6WPS-model-41_AB_Z,-85.7822,0
6WPT-model-10_AB_Z,-81.6459,0
6WXL-model-13_AB_ZY,-46.095,0
6WXL-model-1_AB_ZY,-145.4257,1
6WZT-model-73_AB_Z,-72.8988,0
6X07-model-90_A_Z,-69.6543,0
6X08-model-40_A_Z,-86.8542,0
6X3S-model-1_AB_Z,-82.5409,1
6X3S-model-85_AB_Z,-40.3117,0
6X3U-model-1_AB_Z,-68.9475,0
6X3U-model-8_AB_Z,-80.3824,1
6X3V-model-24_AB_Z,-71.354,1
6X3V-model-56_AB_Z,-47.7059,0
6X3X-model-1_AB_Z,-101.7219,1
6X3X-model-32_AB_Z,-49.5143,0
6X40-model-23_AB_Z,-70.7574,0
6X40-model-7_AB_Z,-88.7435,1
6XEY-model-29_AB_Z,-97.9832,0
6XGC-model-60_AB_ZY,-52.508,0
6YZ5-model-42_A_Z,-48.288,0
6YZ5-model-44_A_Z,-60.0822,1
6YZ7-model-51_A_Z,-69.9328,1
6YZ7-model-93_A_Z,-40.3565,0
6Z2M-model-91_A_Z,-32.8214,0
6Z2M-model-98_A_Z,-46.6611,1
6ZCZ-model-18_A_Z,-96.5268,1
6ZCZ-model-5_A_Z,-57.1256,0
6ZDH-model-85_AB_Z,-62.3839,0
6ZE1-model-1_A_Z,-119.3398,1
6ZE1-model-31_A_Z,-49.8196,0
6ZG3-model-28_A_ZY,-101.8134,0
6ZG3-model-76_A_ZY,-96.7697,1
6ZHD-model-20_A_Z,-73.7524,0
6ZXN-model-40_A_Z,-70.8786,0
6a96_K_D,-54.6747,1
6apb_HL_CA,-78.2152,1
6b3m_CD_BA,-89.6225,1
6gg0_HL_43,-30.9085,1
6hjp_GH_BA,-66.0713,1
6hjq_IJ_DC,-60.5509,1
6nb3_DE_A,-117.5835,1
6nb4_HL_A,-115.7843,1
6nb7_DE_B,-101.7137,1
6nz7_GI_FE,-110.7685,1
6pwc_HL_AR,-64.7054,1
6pz8_CG_J,-75.565,1
6pzf_FE_B,-57.0764,1
6ssi_F_A,-83.4803,1
6u02_DC_B,-49.8154,1
6wez_HL_BA,-81.8371,1
6wf0_HL_BA,-91.7043,1
6wps_CD_B,-101.4463,1
6wpt_DE_A,-115.5264,1
6wzt_ED_B,-90.8489,1
6x07_B_A,-91.2265,1
6x08_K_B,-13.8581,1
6xey_FG_B,-106.5093,1
6xgc_HL_DC,-80.5034,1
6zdh_DF_B,-136.5007,1
6zhd_D_A,-89.3289,1
6zxn_D_A,-70.9323,1
7A25-model-31_A_Z,-79.5065,0
7A25-model-41_A_Z,-116.2607,1
7A29-model-17_A_Z,-83.5538,0
7A5V-model-70_A_Z,-58.0354,0
7AEJ-model-4_A_Z,-76.3305,1
7AEJ-model-67_A_Z,-59.2341,0
7AKD-model-73_AB_Z,-71.5409,0
7AKD-model-93_AB_Z,-106.8504,1
7APJ-model-1_A_Z,-118.7499,1
7APJ-model-25_A_Z,-73.8657,0
7AQG-model-28_A_Z,-40.683,0
7AQG-model-2_A_Z,-116.0141,1
7B0B-model-67_AB_Z,-65.8577,0
7B14-model-2_A_Z,-101.9599,1
7B14-model-5_A_Z,-66.0077,0
7B18-model-16_A_Z,-84.917,0
7B18-model-5_A_Z,-156.3777,1
7BEL-model-3_AB_Z,-44.7927,0
7BEL-model-6_AB_Z,-127.7641,1
7BYR-model-33_AB_Z,-82.5002,0
7C2L-model-2_AB_Z,-152.3385,1
7C2L-model-85_AB_Z,-82.9921,0
7CAC-model-2_AB_ZY,-121.6729,1
7CAC-model-92_AB_ZY,-54.4151,0
7CAH-model-26_AB_Z,-86.0952,1
7CAH-model-29_AB_Z,-80.4064,0
7CAI-model-31_AB_Z,-50.3889,0
7CAK-model-11_AB_Z,-72.6881,0
7CAK-model-20_AB_Z,-102.7749,1
7CHH-model-25_AB_Z,-69.1655,0
7CWL-model-34_AB_Z,-112.3839,1
7CWL-model-36_AB_Z,-84.2592,0
7CWM-model-33_AB_Z,-113.5892,1
7CWM-model-69_AB_Z,-60.5656,0
7CWN-model-28_AB_Z,-58.5118,0
7CWO-model-20_AB_Z,-94.4627,1
7CWO-model-77_AB_Z,-63.9249,0
7CWS-model-37_AB_Z,-75.0774,0
7CWS-model-4_AB_Z,-109.4659,1
7CWT-model-21_AB_Z,-57.806,0
7CYH-model-48_AB_Z,-63.5004,0
7CZP-model-96_AB_Z,-57.9043,0
7CZQ-model-21_AB_Z,-72.9701,0
7CZR-model-31_AB_Z,-64.5087,0
7CZS-model-47_AB_Z,-59.69,0
7CZT-model-1_AB_Z,-150.2012,1
7CZT-model-84_AB_Z,-73.6535,0
7CZU-model-20_AB_Z,-79.4438,0
7CZV-model-8_AB_Z,-58.8232,0
7CZW-model-2_AB_Z,-96.2469,0
7CZY-model-33_AB_Z,-74.614,0
7D03-model-18_AB_Z,-93.3373,0
7D0B-model-55_AB_Z,-85.6001,0
7D0D-model-36_AB_Z,-75.3884,0
7D2Z-model-1_A_Z,-247.7058,1
7D2Z-model-36_A_Z,-40.667,0
7DD8-model-7_AB_ZY,-87.0773,0
7DK4-model-1_AB_Z,-184.0665,1
7DK4-model-84_AB_Z,-71.5822,0
7DK6-model-1_AB_Z,-195.0914,1
7DK6-model-34_AB_Z,-64.5054,0
7DK7-model-1_AB_Z,-170.7685,1
7DK7-model-38_AB_Z,-67.8262,0
7DZX-model-12_AB_Z,-74.9694,0
7DZY-model-12_AB_Z,-80.0967,0
7E3C-model-12_AB_Z,-74.2056,0
7E3C-model-1_AB_Z,-131.6708,1
7E3K-model-50_AB_Z,-92.3662,0
7E3L-model-25_AB_Z,-92.0502,0
7E5R-model-46_AB_Z,-64.3844,0
7E7X-model-20_AB_Z,-74.6862,0
7E7X-model-4_AB_Z,-139.7448,1
7E8C-model-5_AB_Z,-111.2742,1
7E8C-model-82_AB_Z,-79.055,0
7E9N-model-26_AB_Z,-77.4873,0
7E9O-model-40_AB_Z,-70.8413,0
7E9Q-model-40_AB_Z,-92.4974,1
7E9Q-model-78_AB_Z,-57.2908,0
7EH5-model-36_AB_Z,-72.8586,0
7ENF-model-38_AB_Z,-59.1212,0
7EPX-model-34_AB_Z,-71.8948,0
7EW5-model-2_AB_Z,-103.0968,0
7EZV-model-1_AB_Z,-97.9211,1
7EZV-model-71_AB_Z,-60.9311,0
7F63-model-19_AB_Z,-63.7016,0
7FAE-model-15_AB_Z,-101.2901,0
7FAF-model-37_AB_Z,-74.6228,0
7FG2-model-41_A_Z,-62.8486,0
7FJN-model-19_AB_Z,-54.7252,0
7FJO-model-43_AB_Z,-109.5672,0
7JV4-model-41_AB_Z,-84.5597,0
7JV6-model-33_AB_Z,-69.9013,0
7JVA-model-1_AB_Z,-104.0798,1
7JVA-model-83_AB_Z,-53.2682,0
7JVB-model-64_A_Z,-89.9191,1
7JVB-model-7_A_Z,-64.8172,0
7JVC-model-5_AB_Z,-88.0116,0
7JW0-model-40_AB_Z,-48.6998,0
7JWB-model-1_A_ZY,-338.3444,1
7JWB-model-94_A_ZY,-76.2177,0
7K43-model-16_AB_Z,-85.0932,0
7K43-model-67_AB_Z,-102.28,1
7K4N-model-13_AB_Z,-65.9436,0
7K8U-model-67_AB_ZY,-60.0112,0
7K8W-model-90_AB_ZY,-71.1928,0
7K8X-model-7_AB_ZY,-116.4138,1
7K8X-model-93_AB_ZY,-49.5276,0
7K8Z-model-30_AB_Z,-47.1267,0
7K90-model-11_AB_Z,-73.4289,0
7K90-model-39_AB_Z,-88.0108,1
7K9H-model-62_AB_ZY,-80.1632,0
7K9J-model-71_AB_Z,-81.8506,0
7KKK-model-42_A_Z,-39.7483,0
7KKL-model-17_A_Z,-60.8489,0
7KM5-model-24_A_Z,-87.9317,1
7KM5-model-38_A_Z,-49.186,0
7KMK-model-36_AB_Z,-19.358,0
7KML-model-41_AB_Z,-127.3287,1
7KML-model-73_AB_Z,-75.5909,0
7KQB-model-14_AB_Z,-108.0385,1
7KQB-model-3_AB_Z,-65.6194,0
7KQE-model-11_AB_Z,-51.7122,0
7KR5-model-16_AB_ZY,-70.534,0
7KS9-model-23_AB_Z,-138.2147,1
7KS9-model-42_AB_Z,-67.4145,0
7KSG-model-12_A_Z,-110.4712,1
7KSG-model-14_A_Z,-86.5185,0
7KXJ-model-14_AB_Z,-129.0996,1
7KXJ-model-16_AB_Z,-83.0994,0
7KXK-model-33_AB_Z,-81.8472,0
7L02-model-12_AB_Z,-101.9228,0
7L09-model-32_AB_Z,-80.236,0
7L0L-model-49_AB_ZY,-69.6188,0
7L0L-model-5_AB_ZY,-113.2929,1
7L2C-model-87_AB_Z,-126.2488,1
7L2C-model-88_AB_Z,-77.0731,0
7L2E-model-87_AB_Z,-83.5217,0
7L2E-model-8_AB_Z,-119.0048,1
7L2F-model-32_AB_Z,-65.2041,0
7L2F-model-5_AB_Z,-127.8567,1
7L3N-model-1_AB_ZY,-130.762,1
7L3N-model-85_AB_ZY,-81.7797,0
7L56-model-89_AB_Z,-42.6414,0
7L57-model-28_AB_Z,-59.2928,0
7L58-model-16_AB_Z,-74.8127,0
7L6V-model-30_A_Z,-72.1788,1
7L6V-model-93_A_Z,-39.1609,0
7LAA-model-39_AB_Z,-86.6341,0
7LAB-model-22_AB_Z,-51.8796,0
7LAB-model-41_AB_Z,-133.0207,1
7LCN-model-22_AB_Z,-67.5877,0
7LD1-model-43_AB_Z,-76.5172,0
7LJR-model-50_AB_Z,-57.8237,0
7LQV-model-16_AB_Z,-105.6959,0
7LQW-model-16_AB_Z,-81.5053,0
7LRS-model-24_AB_Z,-50.3465,0
7LRT-model-43_AB_Z,-64.3606,0
7LS9-model-36_AB_Z,-111.5265,1
7LS9-model-63_AB_Z,-81.6552,0
7LSS-model-17_AB_Z,-83.037,1
7LSS-model-6_AB_Z,-74.4336,0
7LXY-model-54_AB_Z,-103.2989,1
7LXY-model-7_AB_Z,-76.3699,0
7LXZ-model-44_AB_Z,-77.1419,0
7LY2-model-3_AB_Z,-61.0104,0
7M1H-model-2_A_Z,-89.5928,1
7M1H-model-52_A_Z,-49.4993,0
7M6E-model-11_AB_Z,-113.1572,1
7M6E-model-29_AB_Z,-48.8833,0
7M6F-model-11_AB_Z,-75.7135,0
7M6G-model-49_AB_Z,-100.8421,1
7M6G-model-66_AB_Z,-68.0368,0
7M6H-model-3_AB_ZY,-133.5641,1
7M6H-model-5_AB_ZY,-110.5044,0
7M6I-model-13_AB_ZY,-78.7295,0
7M6I-model-3_AB_ZY,-125.4098,1
7M8J-model-13_AB_Z,-48.4016,0
7M8J-model-9_AB_Z,-103.478,1
7MDW-model-62_A_Z,-23.7814,0
7MJH-model-42_A_Z,-64.004,0
7MJH-model-9_A_Z,-123.3264,1
7MJI-model-1_A_Z,-116.3856,1
7MJI-model-51_A_Z,-58.203,0
7MJJ-model-76_AB_Z,1658.0294,0
7MJK-model-3_AB_Z,-132.8328,1
7MJK-model-44_AB_Z,-78.6574,0
7MKL-model-41_AB_Z,-59.897,0
7MLU-model-57_AB_Z,-73.1079,0
7MLV-model-55_AB_Z,-56.4162,0
7MLY-model-46_AB_ZY,-77.9135,0
7MM0-model-25_AB_Z,-84.6493,0
7MW2-model-22_AB_Z,-67.2192,0
7MW3-model-17_AB_Z,-46.5345,0
7MW5-model-29_AB_Z,-121.439,1
7MW5-model-46_AB_Z,-74.4454,0
7MW6-model-17_AB_Z,-74.181,0
7MXP-model-1_AB_Z,-175.6448,1
7MXP-model-87_AB_Z,-80.4813,0
7MY3-model-1_A_Z,-98.5278,1
7MY3-model-95_A_Z,-39.5084,0
7N0G-model-64_A_Z,-103.1193,1
7N0G-model-86_A_Z,-95.3774,0
7N0H-model-19_A_Z,-75.7545,0
7N0H-model-1_A_Z,-130.8801,1
7N5H-model-57_AB_Z,-94.0986,1
7N5H-model-94_AB_Z,-81.3055,0
7N8H-model-82_AB_Z,-82.7312,0
7N9A-model-1_A_Z,-104.4988,1
7N9A-model-99_A_Z,-24.1326,0
7N9B-model-34_A_Z,-37.1096,0
7N9C-model-37_A_Z,-61.6392,0
7N9E-model-7_A_ZY,-117.4966,0
7ND3-model-59_AB_Z,-31.9956,0
7ND3-model-85_AB_Z,-113.6498,1
7ND4-model-44_AB_Z,-101.6105,0
7ND5-model-20_AB_Z,-67.5337,0
7ND6-model-2_AB_Z,-145.5073,1
7ND6-model-33_AB_Z,-65.1389,0
7ND8-model-15_AB_Z,-50.3057,0
7ND9-model-32_AB_Z,-63.7586,0
7NDA-model-49_AB_ZY,-64.0551,0
7NDC-model-28_AB_Z,-86.6194,0
7NDD-model-31_AB_Z,-56.4295,0
7NLL-model-7_A_Z,-80.0855,1
7NLL-model-95_A_Z,-55.2513,0
7OAN-model-39_A_Z,-77.0723,0
7P77-model-11_A_Z,-100.9553,1
7P77-model-23_A_Z,-45.6719,0
7P78-model-51_A_Z,-69.0936,0
7P79-model-67_A_Z,-107.8504,1
7P79-model-71_A_Z,-37.909,0
7P7A-model-8_A_Z,-99.4821,0
7PHP-model-62_A_Z,-73.1407,0
7PHP-model-9_A_Z,-90.0823,1
7PNQ-model-3_AB_Z,-79.4461,0
7PO5-model-47_AB_Z,-97.1248,0
7Q9G-model-12_AB_Z,-71.8419,0
7Q9G-model-9_AB_Z,-115.6216,1
7Q9I-model-1_AB_Z,-152.9019,1
7Q9I-model-20_AB_Z,-57.8458,0
7Q9J-model-9_AB_Z,-81.4332,0
7Q9M-model-6_AB_Z,-114.2953,1
7Q9M-model-96_AB_Z,-101.0731,0
7QN7-model-7_A_Z,-76.3151,0
7QN8-model-64_A_Z,-56.9188,0
7QN9-model-81_A_Z,-53.4051,0
7QND-model-45_A_Z,-74.7236,0
7R40-model-16_AB_Z,-103.3519,0
7R4I-model-43_A_Z,-59.0065,0
7R4Q-model-25_A_Z,-70.4185,0
7R4R-model-36_A_Z,-89.2511,0
7R8M-model-17_AB_Z,-81.7254,0
7R8N-model-15_AB_Z,-105.1699,1
7R8N-model-33_AB_Z,-74.8753,0
7R8O-model-22_AB_Z,-105.4007,1
7R8O-model-80_AB_Z,-82.0672,0
7R98-model-45_A_Z,-20.2038,0
7R98-model-4_A_Z,-80.8579,1
7RA8-model-28_AB_Z,-83.3471,0
7RKV-model-1_AB_Z,-118.8041,1
7RKV-model-69_AB_Z,-71.3831,0
7RQ6-model-54_AB_Z,-66.3804,0
7RQ6-model-71_AB_Z,-117.6472,1
7RU3-model-21_AB_Z,-68.7674,0
7RW2-model-3_AB_Z,-144.4138,1
7RW2-model-54_AB_Z,-75.39,0
7S0D-model-18_AB_Z,-87.2539,0
7S0D-model-25_AB_Z,-93.4524,1
7S2R-model-1_A_Z,-97.1036,1
7S2R-model-58_A_Z,-59.5808,0
7S6J-model-27_AB_Z,-71.0063,0
7S6K-model-21_AB_Z,-65.1429,0
7S6L-model-37_AB_Z,-41.5923,0
7SC1-model-37_AB_Z,-116.1696,1
7SC1-model-99_AB_Z,-58.866,0
7SCN-model-3_AB_ZY,-126.5555,1
7SCN-model-99_AB_ZY,-32.4351,0
7SCO-model-1_AB_ZY,-107.4463,1
7SCO-model-29_AB_ZY,-47.5948,0
7SG4-model-1_AB_Z,-148.3304,1
7SG4-model-79_AB_Z,-52.5609,0
7SJ0-model-3_AB_Z,-131.3445,1
7SJ0-model-76_AB_Z,-118.4567,0
7SN3-model-30_A_Z,-65.1172,0
7SO5-model-36_AB_Z,-61.3627,0
7SO9-model-2_AB_Z,-112.2911,1
7SO9-model-50_AB_Z,-100.87,0
7SOB-model-16_AB_Z,-60.9966,0
7SOB-model-3_AB_Z,-87.5709,1
7SOE-model-4_AB_Z,-78.7159,0
7SQP-model-18_A_Z,-76.4556,0
7SQP-model-3_A_Z,-122.9933,1
7SRS-model-13_AB_Z,-49.5977,0
7SRS-model-1_AB_Z,-134.8867,1
7SSH-model-80_A_Z,-80.2509,1
7SSH-model-94_A_Z,-72.5211,0
7SWD-model-54_AB_ZY,-69.0182,0
7SWD-model-82_AB_ZY,-97.0071,1
7SWW-model-53_AB_Z,-52.6785,0
7SWW-model-7_AB_Z,-116.0985,1
7SWX-model-28_AB_Z,-75.3124,0
7T01-model-51_AB_Z,-83.1407,1
7T01-model-64_AB_Z,-35.6002,0
7T0Z-model-93_AB_ZY,-107.4437,0
7T5F-model-23_A_Z,-46.3777,0
7T5F-model-2_A_Z,-80.6158,1
7TAS-model-1_AB_Z,-120.3998,1
7TAS-model-28_AB_Z,-62.1763,0
7TAT-model-1_AB_Z,-92.8705,0
7TB8-model-49_AB_Z,-61.0302,0
7TCC-model-8_AB_Z,-58.5839,0
7TE6-model-39_AB_ZY,-47.3097,0
7TE6-model-67_AB_ZY,-96.2996,1
7TE9-model-23_AB_Z,-67.7924,0
7TEB-model-3_AB_Z,-91.0125,0
7TEE-model-10_AB_Z,-65.6736,0
7TEQ-model-26_AB_ZY,-74.6801,0
7TER-model-4_AB_ZY,-90.1717,0
7TES-model-49_AB_ZY,-51.0476,0
7TET-model-82_AB_ZY,1929.7153,0
7THE-model-2_AB_Z,-105.2575,1
7THE-model-39_AB_Z,-75.1366,0
7THT-model-42_AB_Z,-53.1134,0
7TM0-model-14_AB_Z,-96.2985,0
7TM0-model-71_AB_Z,-81.8612,1
7TPR-model-25_A_Z,-51.4739,1
7TPR-model-91_A_Z,-50.5655,0
7U0P-model-18_AB_Z,-49.0477,0
7U0Q-model-24_AB_Z,-80.9536,0
7U0X-model-16_AB_Z,-70.9242,0
7U8J-model-5_AB_ZY,-74.6494,1
7U8J-model-81_AB_ZY,-55.8461,0
7U8L-model-1_AB_ZY,-87.0248,1
7U8L-model-75_AB_ZY,-76.4697,0
7UAP-model-1_AB_Z,-101.0566,1
7UAP-model-45_AB_Z,-69.2322,0
7UBX-model-15_A_Z,-56.7792,0
7UBX-model-1_A_Z,-114.9233,1
7UKL-model-7_AB_Z,21951.4358,0
7UKM-model-4_AB_Z,-99.8224,0
7UOW-model-31_AB_Z,-71.7565,0
7UPL-model-45_AB_Z,-94.7015,0
7UZ4-model-17_AB_Z,-93.8727,0
7UZ5-model-18_AB_Z,-58.6937,0
7UZ6-model-9_AB_Z,-52.2368,0
7UZ7-model-13_AB_Z,-109.0368,1
7UZ7-model-36_AB_Z,-77.6483,0
7UZA-model-22_AB_ZY,-75.8532,0
7UZA-model-2_AB_ZY,-139.2889,1
7V23-model-1_AB_Z,-128.4681,1
7V23-model-8_AB_Z,-90.4174,0
7V24-model-1_AB_Z,-141.6363,1
7V24-model-60_AB_Z,-50.4118,0
7V26-model-31_AB_Z,-69.8368,0
7V2A-model-50_AB_Z,-59.7786,0
7V2A-model-7_AB_Z,-115.8193,1
7V5J-model-26_AB_Z,-64.6326,0
7V5K-model-19_AB_Z,-102.7444,0
7V6N-model-3_AB_Z,-99.2533,0
7VNC-model-82_A_Z,-67.776,0
7VND-model-19_A_Z,-76.0089,0
7VNE-model-37_A_Z,-41.8685,0
7VQ0-model-66_A_Z,-71.6207,0
7W9E-model-33_AB_Z,-82.4648,0
7WBH-model-33_AB_Z,-84.9452,0
7WCH-model-7_AB_Z,-99.3103,0
7WCP-model-70_AB_Z,-66.2655,0
7WCP-model-85_AB_Z,-105.6487,1
7WCR-model-19_AB_Z,53.751,0
7WCZ-model-45_AB_Z,-69.751,0
7WD0-model-44_AB_Z,-71.5827,0
7WD7-model-3_AB_Z,-98.4797,0
7WD9-model-7_AB_Z,-55.4481,0
7WDF-model-42_AB_Z,-101.3801,0
7WE7-model-12_AB_Z,-83.0632,0
7WE9-model-38_AB_Z,-64.3584,0
7WEB-model-19_AB_Z,-50.0171,0
7WEC-model-20_AB_Z,-83.9595,0
7WHB-model-6_AB_Z,-120.7041,1
7WHB-model-8_AB_Z,-71.5018,0
7WHD-model-43_AB_Z,-81.7194,0
7WHI-model-1_A_Z,-103.1067,1
7WHI-model-82_A_Z,-70.2431,0
7WHJ-model-20_A_ZY,-93.5794,1
7WHJ-model-27_A_ZY,-61.4805,0
7WJY-model-18_AB_ZY,-90.193,0
7WJY-model-7_AB_ZY,-103.3789,1
7WJZ-model-20_AB_Z,-115.5489,1
7WJZ-model-77_AB_Z,-38.029,0
7WK9-model-25_AB_Z,-100.2197,0
7WK9-model-77_AB_Z,-71.7214,1
7WKA-model-1_AB_Z,-106.1581,0
7WLY-model-68_AB_Z,-83.0739,0
7WO5-model-23_AB_Z,-95.9469,0
7WOA-model-39_AB_Z,-90.1963,0
7WOB-model-50_AB_Z,-85.3696,0
7WPD-model-20_AB_Z,-71.0289,0
7WPF-model-32_AB_Z,-61.4811,0
7WS1-model-45_AB_Z,-63.2297,0
7WS5-model-7_AB_Z,-82.4846,0
7WT7-model-23_AB_Z,-51.1447,0
7WT8-model-14_AB_Z,-68.7796,0
7WTF-model-87_AB_Z,-76.217,0
7WTH-model-2_AB_Z,-78.1871,1
7WTH-model-62_AB_Z,-47.3067,0
7WTI-model-29_AB_Z,-68.7977,0
7WUR-model-91_AB_Z,-62.0723,0
7WVD-model-3_AB_ZY,-99.2258,1
7WVD-model-40_AB_ZY,-54.9896,0
7WWI-model-7_AB_Z,-79.7281,0
7WWJ-model-67_AB_Z,-71.331,0
7WWL-model-4_AB_Z,-92.9329,0
7WWM-model-5_AB_Z,-84.4136,0
7X08-model-4_AB_Z,-97.1921,0
7X6A-model-45_AB_Z,-71.7135,0
7X6O-model-5_AB_ZY,-118.4779,1
7X6O-model-61_AB_ZY,-44.9431,0
7XD2-model-17_AB_Z,-84.7383,0
7XDK-model-48_AB_Z,-62.0032,0
7XIC-model-20_AB_Z,-55.1021,0
7XJ8-model-23_AB_Z,-53.1983,0
7XJ8-model-59_AB_Z,-103.3365,1
7XOD-model-52_A_Z,-65.337,0
7XQV-model-2_A_Z,-128.199,1
7XQV-model-90_A_Z,-77.345,0
7XY3-model-29_A_Z,-115.0032,1
7XY3-model-96_A_Z,-56.8358,0
7Y71-model-40_AB_ZY,-104.8827,1
7Y71-model-51_AB_ZY,-62.7626,0
7Y7J-model-24_AB_Z,-52.0998,0
7YAD-model-3_AB_Z,-71.0478,0
7YAD-model-4_AB_Z,-113.9076,1
7YC5-model-54_A_Z,-13.5783,0
7YC5-model-64_A_Z,-86.3624,1
7YCY-model-8_AB_Z,-66.7633,0
7YD0-model-11_AB_Z,-79.041,0
7YDY-model-1_AB_ZY,-86.2051,1
7YDY-model-96_AB_ZY,4151.1834,0
7YE5-model-1_AB_ZY,-126.6651,1
7YE5-model-56_AB_ZY,-91.3759,0
7YEG-model-1_AB_Z,-113.9362,1
7YEG-model-3_AB_Z,-111.838,0
7YH7-model-22_AB_Z,-115.1581,1
7YH7-model-25_AB_Z,-74.3608,0
7YQY-model-17_AB_Z,-85.438,0
7YQZ-model-28_AB_Z,-58.968,0
7YR1-model-10_AB_Z,-76.783,0
7YVE-model-21_AB_Z,-108.1113,1
7YVE-model-60_AB_Z,-56.7893,0
7YVI-model-42_AB_Z,443.1877,0
7YVN-model-13_A_Z,-64.5555,0
7YVO-model-68_AB_Z,-72.0204,0
7YVP-model-44_A_Z,-82.4731,0
7YZ9-model-4_A_Z,-75.1502,1
7YZ9-model-91_A_Z,-56.5872,0
7YZI-model-4_A_Z,-71.5739,0
7YZK-model-43_A_Z,-76.5834,1
7YZK-model-56_A_Z,-61.0975,0
7Z6V-model-34_A_Z,-65.0829,0
7Z7X-model-50_A_Z,-100.8202,0
7Z86-model-26_A_Z,-53.3237,0
7Z9Q-model-2_A_Z,-71.0934,0
7Z9R-model-30_A_Z,-87.3722,0
7ZK1-model-25_A_Z,-67.6844,0
7ZK1-model-99_A_Z,-94.6694,1
7ZKW-model-1_A_Z,-165.6236,1
7ZKW-model-97_A_Z,-65.5364,0
7ZKZ-model-73_A_Z,-67.5023,0
7ZKZ-model-91_A_Z,-106.5144,1
7ZR7-model-20_AB_Z,-45.2021,0
7ZR9-model-33_AB_Z,-54.7205,0
7ZRC-model-5_AB_Z,3.428,0
7ZRC-model-6_AB_Z,-101.7295,1
7a29_D_A,-81.4012,1
7a5v_O_A,-76.8765,1
7b0b_HL_F,-95.6453,1
7byr_HL_B,-101.6922,1
7cai_ED_A,-93.6532,1
7chh_DE_A,-77.8114,1
7cwn_ED_B,-127.9944,1
7cwt_ED_A,-86.8657,1
7cyh_ED_A,-55.9222,1
7czp_HL_A,-124.3347,1
7czq_HK_A,-74.864,1
7czr_HK_A,-67.2041,1
7czs_HK_A,-55.937,1
7czu_HK_A,-68.176,1
7czv_HK_A,-79.6476,1
7czw_HL_A,-17.9753,1
7czy_HK_A,-68.4871,1
7d03_HL_A,-97.2636,1
7d0b_HL_A,-52.4453,1
7d0d_GF_B,-60.0581,1
7dd8_AB_CD,-103.7049,1
7dzx_HL_C,-21.9367,1
7dzy_HL_B,-48.1261,1
7e3k_DE_A,-76.5567,1
7e3l_DE_A,-89.4108,1
7e5r_IK_C,-68.52,1
7e9n_HL_A,-28.1636,1
7e9o_HL_A,-77.6253,1
7eh5_DO_A,-60.9297,1
7enf_PO_B,-89.8477,1
7epx_HL_A,-91.6774,1
7ew5_BC_M,-67.499,1
7f63_HL_A,-86.792,1
7fae_HL_A,-82.4065,1
7faf_HL_C,-91.5468,1
7fg2_D_A,-50.4965,1
7fjn_HL_B,-75.292,1
7fjo_FG_C,-65.7803,1
7jv4_DE_B,-47.0726,1
7jv6_CD_B,-53.7487,1
7jvc_CD_B,-59.9621,1
7jw0_DC_B,-73.5668,1
7k4n_CD_B,-74.9839,1
7k8u_HL_AB,-37.888,1
7k8w_HL_AB,-71.0073,1
7k8z_HL_A,-25.1544,1
7k9h_HL_BA,-46.0247,1
7k9j_HL_A,-59.69,1
7kkk_B_A,-112.8143,1
7kkl_B_A,-149.7671,1
7kmk_HL_A,-129.0018,1
7kqe_HL_A,-98.0625,1
7kr5_HL_BA,-98.3978,1
7kxk_HL_A,-103.1795,1
7l02_MK_A,-6.0143,1
7l09_MK_A,-5.8615,1
7l56_FG_C,-92.4514,1
7l57_HL_B,-82.1882,1
7l58_HL_B,-83.2364,1
7laa_HL_A,-84.5643,1
7lcn_BD_A,-92.0842,1
7ld1_HL_B,-86.5075,1
7ljr_ST_A,-140.753,1
7lqv_HL_A,-56.2139,1
7lqw_HL_C,-51.0358,1
7lrs_DE_C,-79.2139,1
7lrt_DE_C,-82.7118,1
7lxz_ED_A,-101.4326,1
7ly2_ED_A,-109.6007,1
7m6f_CD_E,-84.7363,1
7mdw_A_R,-69.6305,1
7mjj_DE_A,-142.7461,1
7mkl_HL_A,-54.0282,1
7mlu_FK_E,-76.3211,1
7mlv_GJ_B,-86.8185,1
7mly_FK_DE,-90.3502,1
7mm0_HL_A,-87.2185,1
7mw2_DE_A,-103.9763,1
7mw3_DE_A,-103.6083,1
7mw6_DE_A,-105.5178,1
7n8h_CB_A,-33.4241,1
7n9b_D_A,-81.3577,1
7n9c_D_C,-32.8935,1
7n9e_D_AB,-45.9403,1
7nd4_DE_A,-95.6924,1
7nd5_HL_B,-174.3962,1
7nd8_HL_B,-100.3355,1
7nd9_HL_B,-93.7049,1
7nda_HL_CA,-92.9586,1
7ndc_DE_C,-3.4015,1
7ndd_DE_C,63.2027,1
7oan_F_A,-111.9617,1
7p78_B_A,-83.2449,1
7p7a_A_B,-69.6126,1
7pnq_DF_B,-87.0099,1
7po5_HL_A,-70.5209,1
7q9j_EF_B,-57.2404,1
7qn7_F_C,-77.6098,1
7qn8_K_B,-79.8976,1
7qn9_L_C,-78.24,1
7qnd_K_B,-79.0687,1
7r40_DF_B,-114.0976,1
7r4i_D_A,1508.4515,1
7r4q_D_A,-33.4074,1
7r4r_D_C,34.1171,1
7r8m_DE_C,-40.7598,1
7ra8_CD_B,-132.2218,1
7ru3_EF_B,-98.369,1
7s6j_CD_B,-95.9275,1
7s6k_CD_B,-87.1603,1
7s6l_HL_A,-85.9897,1
7sn3_D_A,-82.6232,1
7so5_HL_A,-101.5393,1
7soe_BL_A,-73.4188,1
7swx_HL_A,-124.5853,1
7t0z_HL_DE,-83.5561,1
7tat_DE_B,-58.7554,1
7tb8_DE_A,-84.5591,1
7tcc_DE_A,-75.4068,1
7te9_HL_D,-76.9998,1
7teb_HL_D,-70.0602,1
7tee_HL_D,-43.572,1
7teq_HL_BA,-72.8302,1
7ter_HL_BA,-105.3398,1
7tes_HL_BA,-127.6599,1
7tet_HL_BA,-56.5601,1
7tht_HL_C,-136.6024,1
7u0p_DI_B,-83.3376,1
7u0q_GF_A,-91.74,1
7u0x_FG_C,-74.4246,1
7ukl_HL_A,-85.5005,1
7ukm_HL_A,-84.3785,1
7uow_HL_A,-82.7787,1
7upl_ED_B,-91.2381,1
7uz4_HL_A,-98.2955,1
7uz5_HL_A,-126.4241,1
7uz6_HL_A,-88.7414,1
7v26_AB_A,-91.5051,1
7v5j_ED_A,-103.0868,1
7v5k_ED_A,-80.6136,1
7v6n_ED_A,-49.8717,1
7vnc_V_C,-87.2383,1
7vnd_D_A,-103.9362,1
7vne_U_A,-60.6642,1
7vq0_D_A,-106.5976,1
7w9e_DE_C,-61.3469,1
7wbh_OQ_B,-90.3704,1
7wch_DE_A,-100.4882,1
7wcr_AB_A,-79.9029,1
7wcz_AB_A,-91.8694,1
7wd0_AB_A,-91.8665,1
7wd7_AB_A,-81.8322,1
7wd9_EF_B,-82.6907,1
7wdf_DE_C,-75.4992,1
7we7_HL_D,-64.417,1
7we9_CL_B,-43.4522,1
7web_GI_D,-91.7429,1
7wec_GJ_B,-98.3044,1
7whd_DE_C,-125.2895,1
7wka_AB_B,-74.2103,1
7wly_PO_B,-91.9684,1
7wo5_DE_B,-108.006,1
7woa_DB_A,-75.0032,1
7wob_DB_A,-81.8573,1
7wpd_XY_A,-66.7221,1
7wpf_RS_B,-55.04,1
7ws1_ED_A,-76.7325,1
7ws5_ED_A,-75.3224,1
7wt7_HD_C,-85.7963,1
7wt8_HD_C,-93.7708,1
7wtf_GJ_C,-108.2917,1
7wti_GJ_B,-59.9244,1
7wur_EF_A,-101.821,1
7wwi_ED_A,-92.4448,1
7wwj_GF_B,-118.2168,1
7wwl_HL_C,-63.9336,1
7wwm_HL_A,-91.7587,1
7x08_HL_A,-83.76,1
7x6a_GJ_D,-44.6478,1
7xd2_DJ_C,-72.5631,1
7xdk_DE_A,-88.4073,1
7xic_EF_C,-102.771,1
7xod_R_B,-71.4439,1
7y7j_ED_A,-60.7152,1
7ycy_DE_C,-67.9835,1
7yd0_DE_A,-88.2765,1
7yqy_HF_B,-97.3204,1
7yqz_IG_A,-97.3373,1
7yr1_DF_B,-85.1995,1
7yvi_JH_A,-11.9172,1
7yvn_I_B,-36.2587,1
7yvo_IH_A,-93.8936,1
7yvp_I_A,-9.9572,1
7yzi_C_B,-76.0322,1
7z6v_X_A,-61.687,1
7z7x_D_A,-40.0334,1
7z86_X_A,-115.3039,1
7z9q_D_C,-66.3754,1
7z9r_X_A,-114.8299,1
7zr7_DE_A,-44.5554,1
7zr9_DE_C,-70.2029,1
8A94-model-2_AB_Z,-120.9483,1
8A94-model-85_AB_Z,-80.6218,0
8A99-model-11_AB_Z,-124.1042,1
8A99-model-56_AB_Z,-72.2796,0
8B01-model-17_A_ZY,-115.8154,1
8B01-model-63_A_ZY,-60.3257,0
8CIM-model-46_AB_Z,-74.7306,0
8CSJ-model-15_AB_Z,-75.0388,0
8CY6-model-24_A_Z,-63.4241,0
8CY7-model-3_A_Z,-80.9361,0
8CY9-model-53_A_Z,-73.2874,0
8CYA-model-47_A_Z,-70.0309,0
8CYD-model-58_A_Z,-68.0592,0
8CYD-model-68_A_Z,-81.3644,1
8D0Z-model-1_AB_Z,-128.4288,1
8D0Z-model-21_AB_Z,-78.0015,0
8D21-model-44_AB_ZY,-11.6988,0
8DD2-model-26_AB_Z,-54.0936,0
8DD2-model-3_AB_Z,-107.2096,1
8DD3-model-13_AB_Z,-84.8842,1
8DD3-model-71_AB_Z,-56.3474,0
8DEF-model-46_AB_ZY,-46.093,0
8DIS-model-8_AB_ZY,-109.3546,1
8DIS-model-99_AB_ZY,-46.9235,0
8DJK-model-17_AB_ZY,-114.1024,0
8DJK-model-1_AB_ZY,-159.376,1
8DJM-model-26_AB_ZY,-64.6745,0
8DJM-model-72_AB_ZY,-100.0033,1
8DKE-model-69_AB_Z,-74.3914,0
8DKM-model-98_AB_Z,-82.6737,0
8DKW-model-81_AB_Z,-67.508,0
8DKX-model-19_AB_Z,-82.556,0
8DLR-model-1_AB_Z,-142.1192,1
8DLR-model-81_AB_Z,-68.0795,0
8DLW-model-28_AB_Z,-85.0005,0
8DLW-model-47_AB_Z,-98.422,1
8DLX-model-2_A_ZY,-148.7033,1
8DLX-model-94_A_ZY,-81.1097,0
8DM3-model-22_AB_Z,-115.7201,1
8DM3-model-8_AB_Z,-101.0953,0
8DUN-model-16_AB_Z,-66.8731,0
8DWO-model-100_AB_ZY,-67.5657,0
8DWO-model-1_AB_ZY,-174.9198,1
8DXS-model-47_A_Z,-90.6494,0
8DZH-model-41_AB_Z,-76.3121,0
8DZI-model-48_AB_Z,-55.4031,0
8ELJ-model-40_AB_Z,-72.9561,0
8ERR-model-4_AB_Z,-129.7496,0
8EYG-model-41_A_Z,-51.4626,0
8F4P-model-21_A_ZY,-100.4274,0
8FOI-model-16_AB_Z,-77.7912,0
8FSL-model-1_A_Z,-117.3436,1
8FSL-model-28_A_Z,-77.5921,0
8G4N-model-50_AB_Z,-73.2865,0
8G4O-model-98_AB_Z,-68.114,0
8G4X-model-85_AB_Z,-43.3767,0
8G5G-model-37_AB_Z,-36.7912,0
8G73-model-68_A_Z,-70.3646,0
8G74-model-33_A_Z,-58.9916,0
8G75-model-40_A_Z,-67.2366,0
8G76-model-16_A_Z,-76.8264,0
8G76-model-5_A_Z,-92.7388,1
8G77-model-19_A_Z,-65.5948,0
8G77-model-9_A_Z,-76.9872,1
8G8W-model-42_A_Z,-90.9514,0
8GNH-model-22_AB_Z,-78.1967,0
8GOU-model-23_AB_Z,-86.9303,0
8GTQ-model-11_AB_Z,-47.8568,0
8GTQ-model-76_AB_Z,-88.2593,1
8GV5-model-40_AB_ZY,-106.9457,1
8GV5-model-98_AB_ZY,-78.3065,0
8H07-model-20_AB_Z,-89.8752,0
8H63-model-1_A_Z,-144.0232,1
8H63-model-54_A_Z,-47.8253,0
8H64-model-1_A_Z,-130.7708,1
8H64-model-88_A_Z,-56.9995,0
8H7L-model-74_AB_Z,-9.3523,0
8H91-model-1_A_Z,-106.7989,1
8H91-model-62_A_Z,-80.9363,0
8HBW-model-60_A_Z,-129.4855,1
8HBW-model-68_A_Z,-70.8926,0
8HC3-model-37_AB_Z,-57.6062,0
8HC4-model-1_AB_Z,-103.6844,1
8HC4-model-37_AB_Z,-90.4871,0
8HC9-model-71_AB_Z,-70.7037,0
8HEB-model-12_AB_Z,-79.9346,0
8HEC-model-39_AB_Z,-76.8205,0
8HLC-model-45_AB_Z,-91.1452,0
8HLD-model-9_AB_Z,-63.4679,0
8HXR-model-43_A_Z,-31.4076,0
8HXR-model-91_A_Z,-51.694,1
8IDM-model-10_A_Z,-70.4085,1
8IDM-model-89_A_Z,-62.1603,0
8IEE-model-11_A_Z,-59.2611,0
8IFN-model-12_A_Z,-92.9061,0
8J1N-model-47_A_Z,-125.6369,1
8J1N-model-94_A_Z,-120.2134,0
8JAG-model-26_AB_Z,-84.1985,0
8JKF-model-5_AB_Z,-94.4319,1
8JKF-model-6_AB_Z,-76.1412,0
8JKH-model-75_AB_Z,-55.4355,0
8JKH-model-8_AB_Z,-76.1048,1
8JQM-model-38_AB_Z,-78.5742,1
8JQM-model-66_AB_Z,-92.0894,0
8JQN-model-33_AB_Z,-72.3765,0
8JQN-model-6_AB_Z,-103.3554,1
8K3K-model-1_A_Z,-149.4375,1
8K3K-model-44_A_Z,-60.7705,0
8K45-model-17_A_Z,-132.9207,1
8K45-model-4_A_Z,-47.2418,0
8K46-model-72_A_Z,-76.9892,0
8K46-model-9_A_Z,-123.5695,1
8K47-model-100_A_Z,-70.8849,0
8K47-model-8_A_Z,-152.3909,1
8K4Q-model-5_A_Z,-129.7683,1
8K4Q-model-69_A_Z,-63.5564,0
8K9J-model-13_AB_Z,-96.3283,0
8K9M-model-35_AB_Z,-65.6654,0
8KDM-model-18_AB_ZY,-69.1192,0
8KDM-model-1_AB_ZY,-134.3105,1
8KHC-model-15_AB_Z,-98.5056,1
8KHC-model-6_AB_Z,-68.5957,0
8PIJ-model-63_A_Z,-47.2018,0
8PJP-model-78_A_Z,-57.7298,0
8PVB-model-75_A_Z,-65.0255,0
8QF4-model-100_A_Z,-30.9023,0
8QF4-model-1_A_Z,-165.1113,1
8QZ7-model-26_A_Z,-109.4515,1
8QZ7-model-81_A_Z,-57.954,0
8R1C-model-34_AB_Z,-99.4673,0
8R1D-model-41_AB_Z,-95.3454,0
8R4B-model-21_A_Z,-84.8136,1
8R4B-model-47_A_Z,-48.864,0
8R4C-model-30_A_Z,-71.4985,1
8R4C-model-42_A_Z,-55.2465,0
8R4D-model-87_A_Z,-65.6181,0
8RTF-model-37_A_Z,-47.8388,0
8SAK-model-24_AB_ZY,-73.7039,0
8SGI-model-65_AB_Z,-36.1522,0
8SGI-model-6_AB_Z,-92.8558,1
8SGJ-model-13_AB_Z,-53.7627,0
8SGJ-model-7_AB_Z,-112.2554,1
8SGT-model-17_AB_Z,-79.7362,1
8SGT-model-4_AB_Z,-81.2363,0
8SI9-model-18_AB_Z,-71.1489,0
8SI9-model-1_AB_Z,-87.3211,1
8SWH-model-1_AB_Z,-170.9511,1
8SWH-model-27_AB_Z,-54.5153,0
8T1G-model-10_AB_ZY,-97.8239,1
8T1G-model-98_AB_ZY,-82.1574,0
8TQI-model-29_AB_Z,-62.3473,0
8TQI-model-9_AB_Z,-89.0377,1
8TX3-model-44_AB_ZY,-42.5454,0
8TXM-model-1_AB_ZY,-141.0077,1
8TXM-model-68_AB_ZY,-50.9496,0
8TXP-model-1_AB_ZY,-125.2018,1
8TXP-model-5_AB_ZY,-68.6741,0
8TXT-model-2_AB_ZY,-102.8154,1
8TXT-model-40_AB_ZY,-10.7863,0
8TXU-model-10_AB_ZY,-64.6608,0
8TXU-model-93_AB_ZY,-82.9449,1
8TY7-model-18_AB_ZY,-104.1834,1
8TY7-model-68_AB_ZY,-45.1728,0
8U44-model-100_AB_ZY,15.5425,0
8U44-model-97_AB_ZY,-82.4455,1
8UG9-model-60_A_Z,-67.6542,0
8UG9-model-71_A_Z,-57.2943,1
8UW2-model-63_A_Z,-40.9328,0
8UW2-model-85_A_Z,-99.8666,1
8VCR-model-35_AB_Z,-60.383,0
8VRN-model-5_AB_Z,-115.5751,1
8VRN-model-83_AB_Z,-83.3402,0
8VUE-model-1_AB_ZY,-130.5944,1
8VUE-model-36_AB_ZY,-62.2013,0
8VYE-model-30_AB_Z,-77.8868,0
8VYL-model-1_A_ZY,-95.2847,1
8VYL-model-35_A_ZY,-55.9117,0
8W4F-model-33_A_Z,-83.3304,0
8W4F-model-9_A_Z,-113.3756,1
8WNP-model-40_AB_Z,-85.5128,1
8WNP-model-64_AB_Z,-97.7988,0
8WU1-model-36_AB_ZY,-101.7695,1
8WU1-model-79_AB_ZY,-85.9617,0
8WYJ-model-26_AB_Z,-86.2231,0
8XFP-model-17_A_Z,-84.8736,0
8XFS-model-43_A_Z,-90.983,0
8XFT-model-81_A_Z,-61.1979,0
8XSD-model-1_AB_Z,-122.9862,1
8XSD-model-33_AB_Z,-72.6927,0
8XT9-model-9_A_Z,-60.6835,0
8XUM-model-6_A_Z,-72.0538,0
8Y4A-model-33_AB_Z,-63.1233,0
8Y4A-model-85_AB_Z,-75.1486,1
8Y4C-model-16_AB_Z,-84.0224,1
8Y4C-model-42_AB_Z,-79.9118,0
8Y4W-model-1_A_Z,-145.3121,1
8Y4W-model-53_A_Z,-57.104,0
8YBY-model-34_AB_Z,-50.8449,0
8YBZ-model-37_AB_ZY,-54.9688,0
8YRO-model-26_AB_Z,-98.2619,1
8YRO-model-4_AB_Z,-71.6476,0
8YSF-model-16_A_Z,-51.1254,0
8YSF-model-1_A_Z,-118.0034,1
8YSH-model-1_A_Z,-115.4615,1
8YSH-model-70_A_Z,-27.7302,0
8YW9-model-3_A_Z,-60.1278,0
8YWW-model-81_AB_Z,-73.396,0
8YZ5-model-2_AB_Z,-129.4249,1
8YZ5-model-49_AB_Z,-63.7059,0
8YZ6-model-48_AB_Z,-70.0517,0
8Z4E-model-1_AB_Z,-96.536,1
8Z4E-model-80_AB_Z,-53.1396,0
8Z6R-model-20_AB_Z,-87.2969,0
8Z6R-model-6_AB_Z,-104.7455,1
8Z6S-model-49_AB_Z,-61.6057,0
8Z6S-model-9_AB_Z,-124.1208,1
8Z6U-model-26_AB_Z,-111.9278,1
8Z6U-model-42_AB_Z,-88.1355,0
8Z8L-model-19_A_Z,-61.839,0
8ZBZ-model-18_AB_Z,-74.699,0
8ZHE-model-39_AB_Z,-59.6398,0
8ZHF-model-47_AB_Z,-117.0589,1
8ZHF-model-65_AB_Z,-49.1003,0
8ZYU-model-1_AB_ZY,-138.8253,1
8ZYU-model-74_AB_ZY,-79.2877,0
8cim_DE_A,-111.2816,1
8csj_DE_B,-87.1563,1
8cy6_D_A,-70.1925,1
8cy7_D_A,-55.9121,1
8cy9_D_A,-75.5695,1
8cya_D_C,-79.0811,1
8d21_EF_CD,-78.3962,1
8def_ST_GF,-84.6734,1
8dke_AB_P,-64.8806,1
8dkm_AB_P,-77.9166,1
8dkw_AB_P,-82.4371,1
8dkx_AB_P,-55.334,1
8dun_HL_G,-24.0894,1
8dxs_F_C,-2.1112,1
8dzh_ED_A,-43.0894,1
8dzi_BD_A,-45.0864,1
8elj_ST_B,-81.922,1
8err_EF_C,-22.5407,1
8eyg_E_C,-59.8151,1
8f4p_D_BA,-98.1157,1
8foi_HL_A,-87.7152,1
8g4n_HL_A,-84.361,1
8g4o_HL_A,-80.575,1
8g4x_HL_A,-92.32,1
8g5g_HL_A,-100.6124,1
8g73_C_B,-62.8713,1
8g74_C_B,-50.3991,1
8g75_E_A,-38.1638,1
8g8w_B_A,-37.1338,1
8gnh_HL_B,-85.3893,1
8gou_HK_C,-39.4841,1
8h07_EJ_C,-62.6035,1
8h7l_DG_B,-109.3893,1
8hc3_DE_A,-112.1923,1
8hc9_DE_B,-67.3952,1
8heb_ED_A,-64.8289,1
8hec_ED_A,-78.1849,1
8hlc_HL_A,-76.1166,1
8hld_HL_A,-130.5666,1
8iee_C_B,-41.9902,1
8ifn_A_B,-122.3215,1
8jag_HL_A,-55.2596,1
8k9j_AB_E,-78.2473,1
8k9m_AB_E,-91.4062,1
8pet-model-71_A_ZY,-87.9976,0
8pet-model-96_A_ZY,-99.1176,1
8pij_B_A,-43.8672,1
8pjp_C_A,-48.4019,1
8pvb_O_A,-74.732,1
8r1c_DE_B,-76.4267,1
8r1d_DE_C,-74.9107,1
8r4d_B_A,-55.1178,1
8rtf_G_A,-64.3411,1
8sak_HL_BC,-93.698,1
8tx3_EJ_BA,-101.549,1
8vcr_DF_C,-75.1457,1
8vye_AD_K,-72.0722,1
8wyj_DF_A,-78.1733,1
8xfp_E_A,-110.1858,1
8xfs_F_A,-105.2656,1
8xft_E_A,-105.7659,1
8xt9_A_C,-84.4464,1
8xum_C_A,-99.4551,1
8yby_AC_B,-60.094,1
8ybz_DG_BA,-20.2466,1
8yw9_C_A,-53.3618,1
8yww_ED_A,-113.9829,1
8yz6_DE_B,-48.4205,1
8z8l_A_B,-79.9128,1
8zbz_ED_A,-109.0103,1
8zhe_FG_C,-111.5728,1
9ARU-model-48_AB_Z,-54.1485,0
9ARU-model-92_AB_Z,-95.3518,1
9ATO-model-84_A_Z,-75.9503,0
9B2M-model-1_AB_ZY,-91.606,1
9B2M-model-74_AB_ZY,-49.5657,0
9BJ2-model-1_AB_Z,-164.357,1
9BJ2-model-77_AB_Z,-74.6649,0
9BJ3-model-32_AB_Z,-57.234,0
9BJ3-model-8_AB_Z,-82.7479,1
9BT8-model-95_A_Z,-53.6867,0
9BU6-model-41_AB_ZY,-73.4683,0
9BU8-model-34_AB_ZY,-91.2585,1
9BU8-model-78_AB_ZY,-72.5547,0
9C0U-model-6_AB_ZY,-113.9922,1
9C0U-model-91_AB_ZY,-44.725,0
9C0V-model-19_AB_ZY,-114.4385,1
9C0V-model-37_AB_ZY,-74.6838,0
9C0X-model-20_AB_ZY,-57.2843,0
9C0X-model-6_AB_ZY,-87.9315,1
9C44-model-1_AB_Z,1893.3102,0
9C44-model-3_AB_Z,-60.1117,1
9CO8-model-14_A_Z,-60.0864,0
9CRS-model-40_AB_Z,-73.8504,0
9CRS-model-84_AB_Z,-80.4809,1
9CRV-model-72_AB_Z,-55.0601,0
9CRV-model-8_AB_Z,-93.6651,1
9CT0-model-18_AB_Z,-80.5981,1
9CT0-model-25_AB_Z,-53.1184,0
9CTJ-model-78_AB_Z,-30.7513,0
9CTJ-model-85_AB_Z,-86.2846,1
9CTV-model-13_AB_Z,-42.7192,0
9CTV-model-7_AB_Z,-108.5656,1
9CX3-model-74_AB_Z,-101.9283,0
9CX7-model-13_AB_Z,-89.4474,1
9CX7-model-16_AB_Z,-68.2334,0
9CXB-model-2_AB_Z,-100.2297,1
9CXB-model-94_AB_Z,-69.9528,0
9CXC-model-15_AB_Z,-58.9192,0
9CXC-model-4_AB_Z,-87.4736,1
9CXD-model-41_AB_Z,-85.0461,1
9CXD-model-53_AB_Z,-63.3921,0
9DHY-model-26_AB_Z,-75.8849,0
9DMV-model-3_AB_Z,-130.6676,1
9DMV-model-66_AB_Z,-92.0682,0
9DRU-model-1_AB_ZY,-126.5894,1
9DRU-model-20_AB_ZY,-66.9376,0
9DS2-model-6_AB_ZY,-59.4657,0
9E76-model-39_A_ZY,-53.6429,0
9E7L-model-34_A_ZY,-37.2908,0
9EOT-model-32_A_Z,-124.7846,1
9EOT-model-65_A_Z,-81.6106,0
9FJK-model-1_AB_ZY,-125.5303,1
9FJK-model-32_AB_ZY,-40.0546,0
9FZQ-model-51_A_Z,-53.7644,0
9G95-model-36_A_Z,-52.7586,0
9G97-model-36_A_Z,-55.5961,0
9G9O-model-23_A_Z,-53.6969,0
9G9P-model-10_A_Z,-109.4805,1
9G9P-model-27_A_Z,-51.4966,0
9KT3-model-26_AB_Z,-69.9389,0
9LYO-model-2_AB_Z,-63.2001,0
9ato_D_C,-35.3386,1
9bt8_A_B,-60.3671,1
9bu6_AB_DC,-65.4999,1
9co8_D_A,-109.4703,1
9cu7-model-38_AB_ZY,-76.6592,1
9cu7-model-69_AB_ZY,-53.277,0
9cx3_HL_B,-91.1603,1
9dbx-model-6_AB_ZY,-88.3161,1
9dbx-model-97_AB_ZY,-43.5244,0
9dd6-model-42_AB_Z,-53.5075,0
9dd6-model-6_AB_Z,-112.839,1
9dd7-model-62_AB_Z,-50.4925,0
9dd7_IM_E,-66.8053,1
9dhy_AB_C,-154.7954,1
9ds2_GI_DC,-77.8462,1
9e76_Q_FE,-45.9238,1
9e7l_Q_ED,-75.9969,1
9ecz-model-4_AB_Z,-102.6715,1
9ecz-model-84_AB_Z,-38.7768,0
9faj-model-2_A_ZY,-143.4574,1
9faj-model-58_A_ZY,-65.2176,0
9fak-model-30_A_ZY,-75.3947,0
9fak-model-52_A_ZY,-115.3137,1
9fam-model-1_A_ZY,-167.0893,1
9fam-model-97_A_ZY,-28.2945,0
9fap-model-1_A_ZY,-144.1447,1
9fap-model-99_A_ZY,-84.1628,0
9faq-model-14_A_ZY,-105.2162,1
9faq-model-97_A_ZY,-99.1211,0
9fat-model-23_A_ZY,-119.5115,1
9fat-model-31_A_ZY,-67.1978,0
9fau-model-33_A_Z,-62.1438,0
9fau_K_A,-69.9289,1
9faw-model-50_A_Z,-51.5201,0
9faw_K_A,-73.0286,1
9fax-model-64_A_ZY,-65.6682,0
9fax-model-9_A_ZY,-119.1927,1
9ffl-model-41_A_ZY,-96.1996,1
9ffl-model-64_A_ZY,-63.4511,0
9ffn-model-22_A_ZY,-109.2605,1
9ffn-model-54_A_ZY,-83.0712,0
9ffq-model-37_A_ZY,-109.3657,1
9ffq-model-84_A_ZY,-87.912,0
9ffr-model-29_A_ZY,-99.6886,0
9ffr-model-5_A_ZY,-119.5193,1
9ffu-model-67_A_ZY,-100.3453,1
9ffu-model-73_A_ZY,-93.0385,0
9ffv-model-1_A_ZY,-150.5456,1
9ffv-model-78_A_ZY,-75.7307,0
9ffw-model-49_A_ZY,-105.3546,1
9ffw-model-70_A_ZY,-90.274,0
9ffy-model-1_A_ZY,-153.9598,1
9ffy-model-91_A_ZY,-64.4331,0
9ffz-model-1_A_ZY,-142.5644,1
9ffz-model-80_A_ZY,-92.3014,0
9fg0-model-1_A_ZY,-136.9106,1
9fg0-model-37_A_ZY,-70.6299,0
9fg1-model-1_A_ZY,-150.9377,1
9fg1-model-31_A_ZY,-99.6715,0
9fg2-model-3_A_ZY,-133.9225,1
9fg2-model-95_A_ZY,-52.0527,0
9fg3-model-29_A_ZY,-117.5727,1
9fg3-model-36_A_ZY,-69.1642,0
9fga-model-1_A_ZY,-146.8511,1
9fga-model-88_A_ZY,-102.641,0
9fgb-model-11_A_ZY,-114.8406,1
9fgb-model-31_A_ZY,-85.404,0
9fgc-model-33_A_ZY,-131.7459,1
9fgc-model-63_A_ZY,-83.647,0
9fgh-model-41_A_ZY,-94.865,1
9fgh-model-59_A_ZY,-88.3025,0
9fmw-model-3_AB_ZY,-134.0956,1
9fmw-model-53_AB_ZY,-51.9238,0
9fzq_B_A,-89.9777,1
9g95_B_A,-110.3858,1
9g97_B_A,-102.8676,1
9g9o_B_A,-93.9184,1
9gry-model-84_A_Z,-56.1596,0
9gry_B_A,-99.575,1
9gs3-model-37_A_Z,-72.7072,0
9gs3_A_B,-83.3357,1
9gs5-model-51_A_Z,-77.6316,0
9gs5_B_A,-92.0184,1
9gsl-model-86_A_Z,-61.4291,0
9gsl_B_A,-82.8314,1
9h77-model-39_A_Z,-40.5264,0
9h77-model-4_A_Z,-109.8961,1
9hnq-model-24_A_ZY,-90.4976,1
9hnq-model-2_A_ZY,-85.9543,0
9hns-model-100_A_ZY,-71.5415,1
9hns-model-59_A_ZY,-105.9026,0
9hnt-model-38_A_ZY,-65.7779,0
9hnt-model-79_A_ZY,-100.1681,1
9ho4-model-48_A_Z,-45.6287,0
9ho4-model-54_A_Z,-87.9149,1
9ho5-model-1_A_Z,-138.5549,1
9ho5-model-26_A_Z,-50.633,0
9i20-model-43_A_Z,-63.0249,0
9i20_B_A,-92.5779,1
9i5e-model-80_A_Z,-38.7514,0
9i5e_M_A,-60.3906,1
9ijr-model-46_A_ZY,-93.585,1
9ijr-model-7_A_ZY,-149.3483,0
9ijs-model-61_A_ZY,-47.9247,0
9ijs_H_CA,-104.5773,1
9ip7-model-59_A_Z,-98.8137,1
9ip7-model-7_A_Z,-73.9896,0
9ipb-model-19_A_Z,-116.3296,1
9ipb-model-29_A_Z,-93.3699,0
9kgk-model-54_A_Z,-50.0081,0
9kgk_E_A,-98.8595,1
9khh-model-15_A_Z,-69.1879,0
9khh_A_C,-93.9626,1
9kt3_GJ_C,-105.2665,1
9kyu-model-27_AB_Z,-45.1735,0
9kyu_IM_A,-100.6413,1
9lrf-model-41_AB_Z,-66.6509,0
9lrf-model-5_AB_Z,-101.5021,1
9lyo_HG_C,-91.9555,1
9m6o-model-18_A_Z,-31.9086,0
9m6o-model-3_A_Z,-44.5366,1
9mi3-model-58_AB_Z,-56.0858,0
9mi3_BD_A,-59.4642,1
9ml1-model-37_AB_Z,-45.2491,0
9ml1_HL_C,-85.898,1
9ml4-model-19_AB_Z,-120.5678,1
9ml4-model-74_AB_Z,-50.8181,0
9ml5-model-63_AB_Z,-66.8092,0
9ml5_HL_A,-103.6876,1
9ml6-model-88_AB_Z,-58.5916,0
9ml6_HL_A,-126.9983,1
9mtf-model-1_AB_ZY,-136.5371,1
9mtf-model-3_AB_ZY,-47.5409,0
9mth-model-1_AB_ZY,-92.0605,1
9mth-model-47_AB_ZY,-71.7998,0
9mtj-model-2_AB_ZY,-96.11,1
9mtj-model-74_AB_ZY,-41.115,0
9mtk-model-60_AB_ZY,-54.0037,0
9mtk-model-91_AB_ZY,-81.6799,1
9mtl-model-27_AB_ZY,-81.252,1
9mtl-model-84_AB_ZY,-41.5093,0
9n4e-model-60_AB_ZY,-46.973,0
9n4e-model-6_AB_ZY,-93.1826,1
9nry-model-64_A_ZY,-32.815,0
9nry_X_BQ,-66.348,1
9nrz-model-83_A_ZY,-80.0488,0
9nrz_X_QB,-44.4053,1
9pv5-model-5_AB_Z,-59.6204,1
9pv5-model-8_AB_Z,-49.2053,0
9pym-model-1_A_Z,-151.477,1
9pym-model-98_A_Z,-50.3525,0
9pzx-model-1_AB_Z,-118.7884,1
9pzx-model-20_AB_Z,-58.248,0
9qbj-model-2_AB_Z,-82.1435,1
9qbj-model-9_AB_Z,-48.339,0
9rit-model-17_A_Z,-39.8481,0
9rit-model-4_A_Z,-69.2199,1
9riu-model-20_A_Z,-27.5614,0
9riu-model-2_A_Z,-83.1452,1
9rsj-model-16_A_Z,-59.1806,1
9rsj-model-65_A_Z,-74.3651,0
9s37-model-20_A_Z,-38.0369,0
9s37-model-4_A_Z,-128.4082,1
9s38-model-24_A_Z,-82.9316,0
9s38-model-4_A_Z,-128.4082,1
9uev-model-1_A_Z,-102.1876,1
9uev-model-25_A_Z,-39.5151,0
9uok-model-1_A_Z,-79.7173,0
9uok-model-6_A_Z,-96.0417,1
9uxd-model-30_AB_Z,-86.8685,1
9uxd-model-81_AB_Z,-71.8441,0
9uyh-model-25_A_ZY,-8.1909,0
9uyh-model-27_A_ZY,-111.4689,1
9uyj-model-1_A_ZY,-143.7647,1
9uyj-model-2_A_ZY,-51.4321,0
9uym-model-1_A_Z,-117.1523,1
9uym-model-5_A_Z,-49.1318,0
9uyn-model-67_A_Z,-37.0588,0
9uyn-model-98_A_Z,-73.0649,1
9wsv-model-37_AB_ZY,-89.5113,0
9wsv_HL_CR,-71.8065,1
